Date,.SP500
2016-08-30,2176.1226
2016-08-31,2170.947
2016-09-01,2170.8633
2016-09-02,2179.9842
2016-09-06,2186.4767
2016-09-07,2186.1587
2016-09-08,2181.2996
2016-09-09,2127.8056
2016-09-12,2159.0397
2016-09-13,2127.0204
2016-09-14,2125.7695
2016-09-15,2147.262
2016-09-16,2139.1646
2016-09-19,2139.1154
2016-09-20,2139.7568
2016-09-21,2163.1176
2016-09-22,2177.1822
2016-09-23,2164.6948
2016-09-26,2146.0974
2016-09-27,2159.928
2016-09-28,2171.3693
2016-09-29,2151.1315
2016-09-30,2168.2721
2016-10-03,2161.1967
2016-10-04,2150.4896
2016-10-05,2159.728
2016-10-06,2160.7718
2016-10-07,2153.7394
2016-10-10,2163.6607
2016-10-11,2136.7262
2016-10-12,2139.1764
2016-10-13,2132.5465
2016-10-14,2132.9785
2016-10-17,2126.5033
2016-10-18,2139.6041
2016-10-19,2144.2903
2016-10-20,2141.3439
2016-10-21,2141.1619
2016-10-24,2151.3326
2016-10-25,2143.1597
2016-10-26,2139.427
2016-10-27,2133.0355
2016-10-28,2126.4076
2016-10-31,2126.1533
2016-11-01,2111.7226
2016-11-02,2097.9438
2016-11-03,2088.6636
2016-11-04,2085.1764
2016-11-07,2131.5236
2016-11-08,2139.563
2016-11-09,2163.2579
2016-11-10,2167.4781
2016-11-11,2164.4508
2016-11-14,2164.2033
2016-11-15,2180.3888
2016-11-16,2176.9409
2016-11-17,2187.1211
2016-11-18,2181.9018
2016-11-21,2198.1827
2016-11-22,2202.9368
2016-11-23,2204.7229
2016-11-25,2213.3486
2016-11-28,2201.7205
2016-11-29,2204.6617
2016-11-30,2198.8104
2016-12-01,2191.083
2016-12-02,2191.9537
2016-12-05,2204.7054
2016-12-06,2212.2308
2016-12-07,2241.3546
2016-12-08,2246.1878
2016-12-09,2259.5287
2016-12-12,2256.9632
2016-12-13,2271.7208
2016-12-14,2253.2786
2016-12-15,2262.0312
2016-12-16,2258.0724
2016-12-19,2262.5322
2016-12-20,2270.7617
2016-12-21,2265.1799
2016-12-22,2260.9572
2016-12-23,2263.7887
2016-12-27,2268.8755
2016-12-28,2249.9226
2016-12-29,2249.2568
2016-12-30,2238.8267
2017-01-03,2257.828
2017-01-04,2270.7525
2017-01-05,2268.9985
2017-01-06,2276.9814
2017-01-09,2268.9042
2017-01-10,2268.8995
2017-01-11,2275.3159
2017-01-12,2270.4429
2017-01-13,2274.6377
2017-01-17,2267.8886
2017-01-18,2271.8894
2017-01-19,2263.6868
2017-01-20,2271.3147
2017-01-23,2265.2002
2017-01-24,2280.0742
2017-01-25,2298.3674
2017-01-26,2296.6808
2017-01-27,2294.6897
2017-01-30,2280.8963
2017-01-31,2278.8669
2017-02-01,2279.5543
2017-02-02,2280.8504
2017-02-03,2297.4159
2017-02-06,2292.5584
2017-02-07,2293.0811
2017-02-08,2294.6686
2017-02-09,2307.8746
2017-02-10,2316.0971
2017-02-13,2328.2533
2017-02-14,2337.5846
2017-02-15,2349.2474
2017-02-16,2347.2235
2017-02-17,2351.1617
2017-02-21,2365.3827
2017-02-22,2362.8215
2017-02-23,2363.8067
2017-02-24,2367.3442
2017-02-27,2369.7503
2017-02-28,2363.6382
2017-03-01,2395.9571
2017-03-02,2381.9182
2017-03-03,2383.117
2017-03-06,2375.3111
2017-03-07,2368.3942
2017-03-08,2362.977
2017-03-09,2364.8698
2017-03-10,2372.5978
2017-03-13,2373.473
2017-03-14,2365.4549
2017-03-15,2385.2645
2017-03-16,2381.3822
2017-03-17,2378.2531
2017-03-20,2373.4716
2017-03-21,2344.0171
2017-03-22,2348.4488
2017-03-23,2345.9622
2017-03-24,2343.9781
2017-03-27,2341.5906
2017-03-28,2358.5665
2017-03-29,2361.133
2017-03-30,2368.0606
2017-03-31,2362.7182
2017-04-03,2358.8351
2017-04-04,2360.1557
2017-04-05,2352.9482
2017-04-06,2357.4891
2017-04-07,2355.545
2017-04-10,2357.1634
2017-04-11,2353.777
2017-04-12,2344.9263
2017-04-13,2328.9533
2017-04-17,2349.0102
2017-04-18,2342.1878
2017-04-19,2338.166
2017-04-20,2355.8441
2017-04-21,2348.695
2017-04-24,2374.1507
2017-04-25,2388.6149
2017-04-26,2387.4479
2017-04-27,2388.7688
2017-04-28,2384.1955
2017-05-01,2388.3272
2017-05-02,2391.1659
2017-05-03,2388.1349
2017-05-04,2389.5217
2017-05-05,2399.2857
2017-05-08,2399.3773
2017-05-09,2396.9194
2017-05-10,2399.63
2017-05-11,2394.4398
2017-05-12,2390.8972
2017-05-15,2402.3203
2017-05-16,2400.6742
2017-05-17,2357.0322
2017-05-18,2365.724
2017-05-19,2381.7267
2017-05-22,2394.0241
2017-05-23,2398.4186
2017-05-24,2404.387
2017-05-25,2415.0657
2017-05-26,2415.8225
2017-05-30,2412.9066
2017-05-31,2411.7973
2017-06-01,2430.0611
2017-06-02,2439.0702
2017-06-05,2436.0962
2017-06-06,2429.3273
2017-06-07,2433.1374
2017-06-08,2433.7906
2017-06-09,2431.7724
2017-06-12,2429.3913
2017-06-13,2440.3475
2017-06-14,2437.9205
2017-06-15,2432.4591
2017-06-16,2433.1508
2017-06-19,2453.4586
2017-06-20,2437.0281
2017-06-21,2435.6117
2017-06-22,2434.4974
2017-06-23,2438.2969
2017-06-26,2439.0655
2017-06-27,2419.3759
2017-06-28,2440.6903
2017-06-29,2419.6971
2017-06-30,2423.4089
2017-07-03,2429.0149
2017-07-05,2432.5423
2017-07-06,2409.7498
2017-07-07,2425.177
2017-07-10,2427.4345
2017-07-11,2425.5262
2017-07-12,2443.2512
2017-07-13,2447.8343
2017-07-14,2459.271
2017-07-17,2459.1407
2017-07-18,2460.6104
2017-07-19,2473.8278
2017-07-20,2473.4494
2017-07-21,2472.5359
2017-07-24,2469.9119
2017-07-25,2477.1254
2017-07-26,2477.8305
2017-07-27,2475.4209
2017-07-28,2472.0985
2017-07-31,2470.3
2017-08-01,2476.3472
2017-08-02,2477.5681
2017-08-03,2472.1576
2017-08-04,2476.831
2017-08-07,2480.912
2017-08-08,2474.9188
2017-08-09,2474.0171
2017-08-10,2438.2097
2017-08-11,2441.3202
2017-08-14,2465.8358
2017-08-15,2464.61
2017-08-16,2468.1073
2017-08-17,2430.0079
2017-08-18,2425.5522
2017-08-21,2428.368
2017-08-22,2452.5103
2017-08-23,2444.0432
2017-08-24,2438.9681
2017-08-25,2443.0458
2017-08-28,2444.2403
2017-08-29,2446.2955
2017-08-30,2457.5858
2017-08-31,2471.6502
2017-09-01,2476.5524
2017-09-05,2457.8499
2017-09-06,2465.5436
2017-09-07,2465.1021
2017-09-08,2461.4336
2017-09-11,2488.108
2017-09-12,2496.4836
2017-09-13,2498.3708
2017-09-14,2495.6192
2017-09-15,2500.2259
2017-09-18,2503.8696
2017-09-19,2506.6479
2017-09-20,2508.236
2017-09-21,2500.6026
2017-09-22,2502.2222
2017-09-25,2496.6606
2017-09-26,2496.8409
2017-09-27,2507.0433
2017-09-28,2510.062
2017-09-29,2519.3597
2017-10-02,2529.1153
2017-10-03,2534.5797
2017-10-04,2537.7412
2017-10-05,2552.0654
2017-10-06,2549.3315
2017-10-09,2544.7286
2017-10-10,2550.6424
2017-10-11,2555.2408
2017-10-12,2550.933
2017-10-13,2553.1694
2017-10-16,2557.6397
2017-10-17,2559.3563
2017-10-18,2561.2645
2017-10-19,2562.1038
2017-10-20,2575.2059
2017-10-23,2564.9785
2017-10-24,2569.1343
2017-10-25,2557.151
2017-10-26,2560.3992
2017-10-27,2581.0657
2017-10-30,2572.8336
2017-10-31,2575.2638
2017-11-01,2579.3558
2017-11-02,2579.8517
2017-11-03,2587.8361
2017-11-06,2591.1284
2017-11-07,2590.6418
2017-11-08,2594.3752
2017-11-09,2584.6213
2017-11-10,2582.3
2017-11-13,2584.8448
2017-11-14,2578.8718
2017-11-15,2564.6205
2017-11-16,2585.6432
2017-11-17,2578.8543
2017-11-20,2582.1416
2017-11-21,2599.0292
2017-11-22,2597.0772
2017-11-24,2602.4247
2017-11-27,2601.4239
2017-11-28,2627.044
2017-11-29,2626.0662
2017-11-30,2647.5799
2017-12-01,2642.2158
2017-12-04,2639.437
2017-12-05,2629.5708
2017-12-06,2629.2669
2017-12-07,2636.9765
2017-12-08,2651.501
2017-12-11,2659.9896
2017-12-12,2664.1057
2017-12-13,2662.8452
2017-12-14,2652.0124
2017-12-15,2675.808
2017-12-18,2690.1583
2017-12-19,2681.4736
2017-12-20,2679.2481
2017-12-21,2684.5692
2017-12-22,2683.3373
2017-12-26,2680.5045
2017-12-27,2682.6199
2017-12-28,2687.5378
2017-12-29,2673.6105
2018-01-02,2695.8098
2018-01-03,2713.061
2018-01-04,2723.9926
2018-01-05,2743.1478
2018-01-08,2747.7102
2018-01-09,2751.2852
2018-01-10,2748.2255
2018-01-11,2767.5581
2018-01-12,2786.2441
2018-01-16,2776.42
2018-01-17,2802.5556
2018-01-18,2798.0303
2018-01-19,2810.3027
2018-01-22,2832.9741
2018-01-23,2839.1304
2018-01-24,2837.544
2018-01-25,2839.253
2018-01-26,2872.8678
2018-01-29,2853.5284
2018-01-30,2822.4339
2018-01-31,2823.8099
2018-02-01,2821.9759
2018-02-02,2762.1253
2018-02-05,2648.9391
2018-02-06,2695.1442
2018-02-07,2681.6601
2018-02-08,2580.9995
2018-02-09,2619.5456
2018-02-12,2655.9975
2018-02-13,2662.9429
2018-02-14,2698.6337
2018-02-15,2731.2041
2018-02-16,2732.2198
2018-02-20,2716.2555
2018-02-21,2701.3288
2018-02-22,2703.9613
2018-02-23,2747.2985
2018-02-26,2779.596
2018-02-27,2744.2807
2018-02-28,2713.8305
2018-03-01,2677.6709
2018-03-02,2691.2528
2018-03-05,2720.9409
2018-03-06,2728.122
2018-03-07,2726.8014
2018-03-08,2738.9694
2018-03-09,2786.5651
2018-03-12,2783.0193
2018-03-13,2765.3095
2018-03-14,2749.4823
2018-03-15,2747.3298
2018-03-16,2752.0118
2018-03-19,2712.9174
2018-03-20,2716.9422
2018-03-21,2711.9281
2018-03-22,2643.6922
2018-03-23,2588.2628
2018-03-26,2658.5542
2018-03-27,2612.6246
2018-03-28,2604.9975
2018-03-29,2640.866
2018-04-02,2581.8816
2018-04-03,2614.4457
2018-04-04,2644.688
2018-04-05,2662.8362
2018-04-06,2604.4694
2018-04-09,2613.1588
2018-04-10,2656.868
2018-04-11,2642.1902
2018-04-12,2663.9948
2018-04-13,2656.2969
2018-04-16,2677.8396
2018-04-17,2706.3851
2018-04-18,2708.639
2018-04-19,2693.1257
2018-04-20,2670.1418
2018-04-23,2670.2905
2018-04-24,2634.5565
2018-04-25,2639.395
2018-04-26,2666.9428
2018-04-27,2669.9063
2018-04-30,2648.0494
2018-05-01,2654.8007
2018-05-02,2635.6685
2018-05-03,2629.7256
2018-05-04,2663.4203
2018-05-07,2672.6285
2018-05-08,2671.9183
2018-05-09,2697.7915
2018-05-10,2723.0689
2018-05-11,2727.7159
2018-05-14,2730.1325
2018-05-15,2711.4455
2018-05-16,2722.4623
2018-05-17,2720.1272
2018-05-18,2712.9747
2018-05-21,2733.0108
2018-05-22,2724.444
2018-05-23,2733.2893
2018-05-24,2727.7632
2018-05-25,2721.328
2018-05-29,2689.8572
2018-05-30,2724.0099
2018-05-31,2705.2748
2018-06-01,2734.6189
2018-06-04,2746.8711
2018-06-05,2748.7952
2018-06-06,2772.3458
2018-06-07,2770.372
2018-06-08,2779.0286
2018-06-11,2782.0049
2018-06-12,2786.8525
2018-06-13,2775.6268
2018-06-14,2782.4894
2018-06-15,2779.663
2018-06-18,2773.745
2018-06-19,2762.5946
2018-06-20,2767.3179
2018-06-21,2749.758
2018-06-22,2754.877
2018-06-25,2717.0742
2018-06-26,2723.0589
2018-06-27,2699.6262
2018-06-28,2716.3099
2018-06-29,2718.3735
2018-07-02,2726.7138
2018-07-03,2713.2209
2018-07-05,2736.6126
2018-07-06,2759.8219
2018-07-09,2784.1732
2018-07-10,2793.8392
2018-07-11,2774.0175
2018-07-12,2798.2869
2018-07-13,2801.3114
2018-07-16,2798.4346
2018-07-17,2809.5516
2018-07-18,2815.6198
2018-07-19,2804.4934
2018-07-20,2801.8281
2018-07-23,2806.9829
2018-07-24,2820.4041
2018-07-25,2846.067
2018-07-26,2837.44
2018-07-27,2818.8176
2018-07-30,2802.6014
2018-07-31,2816.2886
2018-08-01,2813.3649
2018-08-02,2827.2183
2018-08-03,2840.3536
2018-08-06,2850.3966
2018-08-07,2858.4515
2018-08-08,2857.7045
2018-08-09,2853.5839
2018-08-10,2833.2836
2018-08-13,2821.9282
2018-08-14,2839.9554
2018-08-15,2818.373
2018-08-16,2840.688
2018-08-17,2850.1316
2018-08-20,2857.054
2018-08-21,2862.957
2018-08-22,2861.8246
2018-08-23,2856.9805
2018-08-24,2874.6891
2018-08-27,2896.7356
2018-08-28,2897.522
2018-08-29,2914.0414
2018-08-30,2901.1266
2018-08-31,2901.5177
2018-09-04,2896.7233
2018-09-05,2888.6018
2018-09-06,2878.0524
2018-09-07,2871.6815
2018-09-10,2877.1261
2018-09-11,2887.8938
2018-09-12,2888.9167
2018-09-13,2904.1839
2018-09-14,2904.9754
2018-09-17,2888.8011
2018-09-18,2904.3106
2018-09-19,2907.9454
2018-09-20,2930.7462
2018-09-21,2929.6672
2018-09-24,2919.3731
2018-09-25,2915.5643
2018-09-26,2905.9656
2018-09-27,2913.9982
2018-09-28,2913.9781
2018-10-01,2924.5909
2018-10-02,2923.4335
2018-10-03,2925.513
2018-10-04,2901.6115
2018-10-05,2885.5663
2018-10-08,2884.4327
2018-10-09,2880.3437
2018-10-10,2785.6792
2018-10-11,2728.3663
2018-10-12,2767.126
2018-10-15,2750.786
2018-10-16,2809.9157
2018-10-17,2809.2091
2018-10-18,2768.7846
2018-10-19,2767.7805
2018-10-22,2755.8838
2018-10-23,2740.6924
2018-10-24,2656.1032
2018-10-25,2705.5683
2018-10-26,2658.6851
2018-10-29,2641.2451
2018-10-30,2682.631
2018-10-31,2711.7444
2018-11-01,2740.3725
2018-11-02,2723.0583
2018-11-05,2738.3137
2018-11-06,2755.4508
2018-11-07,2813.8948
2018-11-08,2806.831
2018-11-09,2781.0092
2018-11-12,2726.2158
2018-11-13,2722.182
2018-11-14,2701.5761
2018-11-15,2730.2025
2018-11-16,2736.269
2018-11-19,2690.7312
2018-11-20,2641.8903
2018-11-21,2649.9291
2018-11-23,2632.5566
2018-11-26,2673.4474
2018-11-27,2682.1697
2018-11-28,2743.7852
2018-11-29,2737.7603
2018-11-30,2760.1743
2018-12-03,2790.3695
2018-12-04,2700.0644
2018-12-06,2695.9454
2018-12-07,2633.0788
2018-12-10,2637.7231
2018-12-11,2636.7838
2018-12-12,2651.0677
2018-12-13,2650.5352
2018-12-14,2599.9543
2018-12-17,2545.9398
2018-12-18,2546.1611
2018-12-19,2506.9552
2018-12-20,2467.4185
2018-12-21,2416.6184
2018-12-24,2351.0995
2018-12-26,2467.7041
2018-12-27,2488.8274
2018-12-28,2485.7352
2018-12-31,2506.8472
2019-01-02,2510.0301
2019-01-03,2447.8934
2019-01-04,2531.9434
2019-01-07,2549.69
2019-01-08,2574.411
2019-01-09,2584.9637
2019-01-10,2596.6405
2019-01-11,2596.2573
2019-01-14,2582.6139
2019-01-15,2610.3026
2019-01-16,2616.0971
2019-01-17,2635.9567
2019-01-18,2670.7117
2019-01-22,2632.9039
2019-01-23,2638.6968
2019-01-24,2642.3326
2019-01-25,2664.7605
2019-01-28,2643.8457
2019-01-29,2640.0047
2019-01-30,2681.0511
2019-01-31,2704.1006
2019-02-01,2706.5335
2019-02-04,2724.8669
2019-02-05,2737.7021
2019-02-06,2731.615
2019-02-07,2706.0544
2019-02-08,2707.8804
2019-02-11,2709.8039
2019-02-12,2744.7335
2019-02-13,2753.0335
2019-02-14,2745.7298
2019-02-15,2775.5971
2019-02-19,2779.7581
2019-02-20,2784.6962
2019-02-21,2774.8761
2019-02-22,2792.671
2019-02-25,2796.1065
2019-02-26,2793.8986
2019-02-27,2792.3801
2019-02-28,2784.4914
2019-03-01,2803.6944
2019-03-04,2792.8109
2019-03-05,2789.651
2019-03-06,2771.4476
2019-03-07,2748.9258
2019-03-08,2743.0677
2019-03-11,2783.295
2019-03-12,2791.5223
2019-03-13,2810.9175
2019-03-14,2808.4828
2019-03-15,2822.4766
2019-03-18,2832.9406
2019-03-19,2832.5674
2019-03-20,2824.2258
2019-03-21,2854.8767
2019-03-22,2800.7124
2019-03-25,2798.3616
2019-03-26,2818.4579
2019-03-27,2805.3732
2019-03-28,2815.4373
2019-03-29,2834.3998
2019-04-01,2867.1939
2019-04-02,2867.2364
2019-04-03,2873.3991
2019-04-04,2879.3908
2019-04-05,2892.7444
2019-04-08,2895.7706
2019-04-09,2878.2006
2019-04-10,2888.2104
2019-04-11,2888.3195
2019-04-12,2907.4144
2019-04-15,2905.5833
2019-04-16,2907.0575
2019-04-17,2900.4531
2019-04-18,2905.0325
2019-04-22,2907.9727
2019-04-23,2933.6758
2019-04-24,2927.2524
2019-04-25,2926.1731
2019-04-26,2939.8817
2019-04-29,2943.0269
2019-04-30,2945.8309
2019-05-01,2923.7319
2019-05-02,2917.5164
2019-05-03,2945.6378
2019-05-06,2932.4738
2019-05-07,2884.0503
2019-05-08,2879.4196
2019-05-09,2870.7171
2019-05-10,2881.4005
2019-05-13,2811.8654
2019-05-14,2834.4068
2019-05-15,2850.9645
2019-05-16,2876.3169
2019-05-17,2859.5323
2019-05-20,2840.2331
2019-05-21,2864.3594
2019-05-22,2856.2742
2019-05-23,2822.241
2019-05-24,2826.0647
2019-05-28,2802.3852
2019-05-29,2783.0183
2019-05-30,2788.8649
2019-05-31,2752.0629
2019-06-03,2744.4464
2019-06-04,2803.2725
2019-06-05,2826.1506
2019-06-06,2843.4904
2019-06-07,2873.342
2019-06-10,2886.7341
2019-06-11,2885.7221
2019-06-12,2879.8365
2019-06-13,2891.6405
2019-06-14,2886.9832
2019-06-17,2889.67
2019-06-18,2917.7508
2019-06-19,2926.4558
2019-06-20,2954.1819
2019-06-21,2950.455
2019-06-24,2945.3488
2019-06-25,2917.3831
2019-06-26,2913.7788
2019-06-27,2924.9212
2019-06-28,2941.7606
2019-07-01,2964.3328
2019-07-02,2973.0119
2019-07-03,2995.8226
2019-07-05,2990.4096
2019-07-08,2975.9455
2019-07-09,2979.6258
2019-07-10,2993.07
2019-07-11,2999.9069
2019-07-12,3013.7726
2019-07-15,3014.2979
2019-07-16,3004.0431
2019-07-17,2984.4235
2019-07-18,2995.1125
2019-07-19,2976.6091
2019-07-22,2985.0312
2019-07-23,3005.4735
2019-07-24,3019.5566
2019-07-25,3003.6713
2019-07-26,3025.8591
2019-07-29,3020.9681
2019-07-30,3013.1819
2019-07-31,2980.3789
2019-08-01,2953.5601
2019-08-02,2932.0452
2019-08-05,2844.7427
2019-08-06,2881.7741
2019-08-07,2883.9844
2019-08-08,2938.0945
2019-08-09,2918.6456
2019-08-12,2883.7495
2019-08-13,2926.3248
2019-08-14,2840.5983
2019-08-15,2847.5951
2019-08-16,2888.678
2019-08-19,2923.6482
2019-08-20,2900.5103
2019-08-21,2924.4303
2019-08-22,2922.9524
2019-08-23,2847.111
2019-08-26,2878.3839
2019-08-27,2869.1561
2019-08-28,2887.9388
2019-08-29,2924.5771
2019-08-30,2926.4581
2019-09-03,2906.2711
2019-09-04,2937.779
2019-09-05,2975.9974
2019-09-06,2978.7078
2019-09-09,2978.4338
2019-09-10,2979.3855
2019-09-11,3000.9264
2019-09-12,3009.5719
2019-09-13,3007.3874
2019-09-16,2997.9596
2019-09-17,3005.6965
2019-09-18,3006.73
2019-09-19,3006.7908
2019-09-20,2992.0723
2019-09-23,2991.779
2019-09-24,2966.596
2019-09-25,2984.8683
2019-09-26,2977.6174
2019-09-27,2961.7931
2019-09-30,2976.7373
2019-10-01,2940.2486
2019-10-02,2887.6065
2019-10-03,2910.634
2019-10-04,2952.0076
2019-10-07,2938.7894
2019-10-08,2893.0556
2019-10-09,2919.4001
2019-10-10,2938.1324
2019-10-11,2970.2695
2019-10-14,2966.1505
2019-10-15,2995.6831
2019-10-16,2989.6938
2019-10-17,2997.9529
2019-10-18,2986.2035
2019-10-21,3006.7243
2019-10-22,2995.993
2019-10-23,3004.5243
2019-10-24,3010.2853
2019-10-25,3022.5496
2019-10-28,3039.4199
2019-10-29,3036.8922
2019-10-30,3046.7662
2019-10-31,3037.5644
2019-11-01,3066.9147
2019-11-04,3078.2697
2019-11-05,3074.6159
2019-11-06,3076.7753
2019-11-07,3085.1819
2019-11-08,3093.0848
2019-11-11,3087.005
2019-11-12,3091.839
2019-11-13,3094.0353
2019-11-14,3096.6331
2019-11-15,3120.4604
2019-11-18,3122.028
2019-11-19,3120.1813
2019-11-20,3108.4582
2019-11-21,3103.5369
2019-11-22,3110.2883
2019-11-25,3133.6428
2019-11-26,3140.5199
2019-11-27,3153.6281
2019-11-29,3140.9806
2019-12-02,3113.8736
2019-12-03,3093.2009
2019-12-04,3112.7563
2019-12-05,3117.4286
2019-12-06,3145.911
2019-12-09,3135.9614
2019-12-10,3132.5186
2019-12-11,3141.6267
2019-12-12,3168.5692
2019-12-13,3168.7996
2019-12-16,3191.449
2019-12-17,3192.5186
2019-12-18,3191.142
2019-12-19,3205.3684
2019-12-20,3221.2246
2019-12-23,3224.0099
2019-12-24,3223.3757
2019-12-26,3239.9071
2019-12-27,3240.0204
2019-12-30,3221.2918
2019-12-31,3230.782
2020-01-02,3257.8478
2020-01-03,3234.8486
2020-01-06,3246.2826
2020-01-07,3237.1825
2020-01-08,3253.0459
2020-01-09,3274.7042
2020-01-10,3265.3511
2020-01-13,3288.1335
2020-01-14,3283.1524
2020-01-15,3289.2926
2020-01-16,3316.8059
2020-01-17,3329.6227
2020-01-21,3320.7908
2020-01-22,3321.7469
2020-01-23,3325.5428
2020-01-24,3295.4734
2020-01-27,3243.6282
2020-01-28,3276.2434
2020-01-29,3273.4026
2020-01-30,3283.659
2020-01-31,3225.5163
2020-02-03,3248.925
2020-02-04,3297.5882
2020-02-05,3334.6943
2020-02-06,3345.7809
2020-02-07,3327.7069
2020-02-10,3352.094
2020-02-11,3357.7473
2020-02-12,3379.4522
2020-02-13,3373.9374
2020-02-14,3380.1574
2020-02-18,3370.2865
2020-02-19,3386.1527
2020-02-20,3373.2315
2020-02-21,3337.747
2020-02-24,3225.8864
2020-02-25,3128.2066
2020-02-26,3116.3898
2020-02-27,2978.7578
2020-02-28,2954.2237
2020-03-02,3090.2328
2020-03-03,3003.3652
2020-03-04,3130.1169
2020-03-05,3023.9403
2020-03-06,2972.3719
2020-03-09,2746.5596
2020-03-10,2882.2255
2020-03-11,2741.3836
2020-03-12,2480.6411
2020-03-13,2711.0217
2020-03-16,2386.1339
2020-03-17,2529.1942
2020-03-18,2398.0952
2020-03-19,2409.3866
2020-03-20,2304.9163
2020-03-23,2237.3954
2020-03-24,2447.3304
2020-03-25,2475.5583
2020-03-26,2630.0672
2020-03-27,2541.4697
2020-03-30,2626.6458
2020-03-31,2584.5908
2020-04-01,2470.5044
2020-04-02,2526.9028
2020-04-03,2488.6484
2020-04-06,2663.6838
2020-04-07,2659.4106
2020-04-08,2749.9777
2020-04-09,2789.8173
2020-04-13,2761.6272
2020-04-14,2846.0611
2020-04-15,2783.3621
2020-04-16,2799.5523
2020-04-17,2874.5646
2020-04-20,2823.1564
2020-04-21,2736.5632
2020-04-22,2799.3148
2020-04-23,2797.7966
2020-04-24,2836.7397
2020-04-27,2878.4799
2020-04-28,2863.3918
2020-04-29,2939.5054
2020-04-30,2912.4305
2020-05-01,2830.705
2020-05-04,2842.7391
2020-05-05,2868.4354
2020-05-06,2848.4207
2020-05-07,2881.1914
2020-05-08,2929.8047
2020-05-11,2930.3228
2020-05-12,2870.1174
2020-05-13,2819.9958
2020-05-14,2852.5042
2020-05-15,2863.6975
2020-05-18,2953.9083
2020-05-19,2922.9397
2020-05-20,2971.6122
2020-05-21,2948.5056
2020-05-22,2955.4527
2020-05-26,2991.7651
2020-05-27,3036.1332
2020-05-28,3029.7331
2020-05-29,3044.3052
2020-06-01,3055.7329
2020-06-02,3080.8222
2020-06-03,3122.8702
2020-06-04,3112.3464
2020-06-05,3193.9278
2020-06-08,3232.3857
2020-06-09,3207.1781
2020-06-10,3190.136
2020-06-11,3002.0954
2020-06-12,3041.3123
2020-06-15,3066.5888
2020-06-16,3124.7399
2020-06-17,3113.4891
2020-06-18,3115.3448
2020-06-19,3097.7425
2020-06-22,3117.8608
2020-06-23,3131.2856
2020-06-24,3050.3347
2020-06-25,3083.7577
2020-06-26,3009.0524
2020-06-29,3053.2389
2020-06-30,3100.2851
2020-07-01,3115.8584
2020-07-02,3130.0127
2020-07-06,3179.7188
2020-07-07,3145.318
2020-07-08,3169.9432
2020-07-09,3152.0486
2020-07-10,3185.0423
2020-07-13,3155.2236
2020-07-14,3197.5224
2020-07-15,3226.5593
2020-07-16,3215.574
2020-07-17,3224.7307
2020-07-20,3251.8421
2020-07-21,3257.298
2020-07-22,3276.016
2020-07-23,3235.6632
2020-07-24,3215.6298
2020-07-27,3239.4063
2020-07-28,3218.4352
2020-07-29,3258.439
2020-07-30,3246.2246
2020-07-31,3271.1249
2020-08-03,3294.6134
2020-08-04,3306.5076
2020-08-05,3327.7711
2020-08-06,3349.156
2020-08-07,3351.2832
2020-08-10,3360.4727
2020-08-11,3333.6891
2020-08-12,3380.3498
2020-08-13,3373.4257
2020-08-14,3372.8468
2020-08-17,3381.995
2020-08-18,3389.775
2020-08-19,3374.8503
2020-08-20,3385.5135
2020-08-21,3397.1577
2020-08-24,3431.2821
2020-08-25,3443.6221
2020-08-26,3478.7323
2020-08-27,3484.5503
2020-08-28,3508.0147
2020-08-31,3500.3085
2020-09-01,3526.6513
2020-09-02,3580.8443
2020-09-03,3455.0649
2020-09-04,3426.9639
2020-09-08,3331.8428
2020-09-09,3398.9593
2020-09-10,3339.1851
2020-09-11,3340.9662
2020-09-14,3383.5416
2020-09-15,3401.201
2020-09-16,3385.491
2020-09-17,3357.01
2020-09-18,3319.4658
2020-09-21,3281.059
2020-09-22,3315.5663
2020-09-23,3236.9204
2020-09-24,3246.5876
2020-09-25,3298.4569
2020-09-28,3351.5996
2020-09-29,3335.4749
2020-09-30,3362.999
2020-10-01,3380.7986
2020-10-02,3348.4437
2020-10-05,3408.6268
2020-10-06,3360.9521
2020-10-07,3419.4493
2020-10-08,3446.8284
2020-10-09,3477.1343
2020-10-12,3534.216
2020-10-13,3511.9299
2020-10-14,3488.666
2020-10-15,3483.3414
2020-10-16,3483.8078
2020-10-19,3426.9241
2020-10-20,3443.1168
2020-10-21,3435.5555
2020-10-22,3453.4902
2020-10-23,3465.3872
2020-10-26,3400.9682
2020-10-27,3390.6844
2020-10-28,3271.0274
2020-10-29,3310.1128
2020-10-30,3269.9591
2020-11-02,3310.2414
2020-11-03,3369.1566
2020-11-04,3443.4371
2020-11-05,3510.4476
2020-11-06,3509.4365
2020-11-09,3550.4994
2020-11-10,3545.5331
2020-11-11,3572.6604
2020-11-12,3537.0095
2020-11-13,3585.1535
2020-11-16,3626.9076
2020-11-17,3609.5317
2020-11-18,3567.7891
2020-11-19,3581.8669
2020-11-20,3557.5438
2020-11-23,3577.5904
2020-11-24,3635.4063
2020-11-25,3629.646
2020-11-27,3638.3536
2020-11-30,3621.6334
2020-12-01,3662.4533
2020-12-02,3669.0056
2020-12-03,3666.7161
2020-12-04,3699.1214
2020-12-07,3691.9635
2020-12-08,3702.248
2020-12-09,3672.8197
2020-12-10,3668.1037
2020-12-11,3663.4579
2020-12-14,3647.4932
2020-12-15,3694.6221
2020-12-16,3701.1738
2020-12-17,3722.4822
2020-12-18,3709.4084
2020-12-21,3694.9197
2020-12-22,3687.2605
2020-12-23,3690.0138
2020-12-24,3703.0578
2020-12-28,3735.3557
2020-12-29,3727.0401
2020-12-30,3732.042
2020-12-31,3756.0715
2021-01-04,3700.6468
2021-01-05,3726.8558
2021-01-06,3748.1378
2021-01-07,3803.7904
2021-01-08,3824.6809
2021-01-11,3799.6052
2021-01-12,3801.1911
2021-01-13,3809.8433
2021-01-14,3795.5414
2021-01-15,3768.2463
2021-01-19,3798.9075
2021-01-20,3851.8459
2021-01-21,3853.0733
2021-01-22,3841.4656
2021-01-25,3855.3557
2021-01-26,3849.6213
2021-01-27,3750.7732
2021-01-28,3787.3769
2021-01-29,3714.2427
2021-02-01,3773.8571
2021-02-02,3826.3129
2021-02-03,3830.1725
2021-02-04,3871.7406
2021-02-05,3886.8317
2021-02-08,3915.5886
2021-02-09,3911.2277
2021-02-10,3909.8797
2021-02-11,3916.375
2021-02-12,3934.8337
2021-02-16,3932.5893
2021-02-17,3931.3305
2021-02-18,3913.9713
2021-02-19,3906.7078
2021-02-22,3876.4999
2021-02-23,3881.3689
2021-02-24,3925.4276
2021-02-25,3829.3361
2021-02-26,3811.1497
2021-03-01,3901.8156
2021-03-02,3870.2938
2021-03-03,3819.7165
2021-03-04,3768.4737
2021-03-05,3841.9414
2021-03-08,3821.3467
2021-03-09,3875.4425
2021-03-10,3898.8051
2021-03-11,3939.3384
2021-03-12,3943.3428
2021-03-15,3968.9372
2021-03-16,3962.7075
2021-03-17,3974.1163
2021-03-18,3915.4613
2021-03-19,3913.0992
2021-03-22,3940.5852
2021-03-23,3910.5158
2021-03-24,3889.142
2021-03-25,3909.5155
2021-03-26,3974.5369
2021-03-29,3971.0947
2021-03-30,3958.5523
2021-03-31,3972.8922
2021-04-01,4019.8654
2021-04-05,4077.9137
2021-04-06,4073.9407
2021-04-07,4079.9529
2021-04-08,4097.168
2021-04-09,4128.8021
2021-04-12,4127.9932
2021-04-13,4141.5938
2021-04-14,4124.6606
2021-04-15,4170.4228
2021-04-16,4185.4687
2021-04-19,4163.2581
2021-04-20,4134.9394
2021-04-21,4173.4216
2021-04-22,4134.9817
2021-04-23,4180.1674
2021-04-26,4187.6175
2021-04-27,4186.7182
2021-04-28,4183.183
2021-04-29,4211.4749
2021-04-30,4181.1749
2021-05-03,4192.6576
2021-05-04,4164.659
2021-05-05,4167.5878
2021-05-06,4201.6188
2021-05-07,4232.6014
2021-05-10,4188.4273
2021-05-11,4152.0953
2021-05-12,4063.0379
2021-05-13,4112.496
2021-05-14,4173.8541
2021-05-17,4163.2905
2021-05-18,4127.8298
2021-05-19,4115.6768
2021-05-20,4159.1244
2021-05-21,4155.8578
2021-05-24,4197.0473
2021-05-25,4188.1341
2021-05-26,4195.9936
2021-05-27,4200.8758
2021-05-28,4204.1105
2021-06-01,4202.0416
2021-06-02,4208.1192
2021-06-03,4192.8548
2021-06-04,4229.8906
2021-06-07,4226.5202
2021-06-08,4227.255
2021-06-09,4219.5468
2021-06-10,4239.1842
2021-06-11,4247.4398
2021-06-14,4255.1503
2021-06-15,4246.594
2021-06-16,4223.7042
2021-06-17,4221.8583
2021-06-18,4166.4532
2021-06-21,4224.7878
2021-06-22,4246.435
2021-06-23,4241.836
2021-06-24,4266.4858
2021-06-25,4280.7024
2021-06-28,4290.6078
2021-06-29,4291.8017
2021-06-30,4297.4966
2021-07-01,4319.9401
2021-07-02,4352.3389
2021-07-06,4343.5431
2021-07-07,4358.1332
2021-07-08,4320.8176
2021-07-09,4369.551
2021-07-12,4384.6257
2021-07-13,4369.2098
2021-07-14,4374.2966
2021-07-15,4360.0267
2021-07-16,4327.1582
2021-07-19,4258.4926
2021-07-20,4323.0586
2021-07-21,4358.6933
2021-07-22,4367.4751
2021-07-23,4411.7924
2021-07-26,4422.3035
2021-07-27,4401.4631
2021-07-28,4400.6355
2021-07-29,4419.1488
2021-07-30,4395.264
2021-08-02,4387.1559
2021-08-03,4423.1536
2021-08-04,4402.661
2021-08-05,4429.103
2021-08-06,4436.5178
2021-08-09,4432.353
2021-08-10,4436.7529
2021-08-11,4447.7036
2021-08-12,4460.8319
2021-08-13,4468.0032
2021-08-16,4479.7087
2021-08-17,4448.0754
2021-08-18,4400.2663
2021-08-19,4405.8029
2021-08-20,4441.6652
2021-08-23,4479.5305
2021-08-24,4486.2341
2021-08-25,4496.1909
2021-08-26,4469.9964
2021-08-27,4509.3691
2021-08-30,4528.7937
2021-08-31,4522.6801
2021-09-01,4524.0923
2021-09-02,4536.9462
2021-09-03,4535.4326
2021-09-07,4520.0278
2021-09-08,4514.0685
2021-09-09,4493.2843
2021-09-10,4458.5799
2021-09-13,4468.7263
2021-09-14,4443.0499
2021-09-15,4480.7015
2021-09-16,4473.7528
2021-09-17,4432.9875
2021-09-20,4357.7279
2021-09-21,4354.1889
2021-09-22,4395.6371
2021-09-23,4448.9841
2021-09-24,4455.4779
2021-09-27,4443.1104
2021-09-28,4352.6343
2021-09-29,4359.4611
2021-09-30,4307.5388
2021-10-01,4357.0389
2021-10-04,4300.459
2021-10-05,4345.7162
2021-10-06,4363.5452
2021-10-07,4399.7633
2021-10-08,4391.3381
2021-10-11,4361.1905
2021-10-12,4350.646
2021-10-13,4363.8045
2021-10-14,4438.2644
2021-10-15,4471.3685
2021-10-18,4486.4605
2021-10-19,4519.6306
2021-10-20,4536.1921
2021-10-21,4549.7813
2021-10-22,4544.8983
2021-10-25,4566.478
2021-10-26,4574.7888
2021-10-27,4551.6811
2021-10-28,4596.4151
2021-10-29,4605.3766
2021-11-01,4613.673
2021-11-02,4630.6534
2021-11-03,4660.5696
2021-11-04,4680.0558
2021-11-05,4697.5268
2021-11-08,4701.702
2021-11-09,4685.2512
2021-11-10,4646.7077
2021-11-11,4649.2692
2021-11-12,4682.8474
2021-11-15,4682.8035
2021-11-16,4700.8971
2021-11-17,4688.6707
2021-11-18,4704.5419
2021-11-19,4697.9551
2021-11-22,4682.9439
2021-11-23,4690.6981
2021-11-24,4701.4649
2021-11-26,4594.6183
2021-11-29,4655.2702
2021-11-30,4567.0015
2021-12-01,4513.0362
2021-12-02,4577.1005
2021-12-03,4538.4279
2021-12-06,4591.6718
2021-12-07,4686.7455
2021-12-08,4701.2079
2021-12-09,4667.454
2021-12-10,4712.0241
2021-12-13,4668.9721
2021-12-14,4634.0876
2021-12-15,4709.8539
2021-12-16,4668.6712
2021-12-17,4620.639
2021-12-20,4568.0172
2021-12-21,4649.2266
2021-12-22,4696.5616
2021-12-23,4725.7882
2021-12-27,4791.192
2021-12-28,4786.3541
2021-12-29,4793.0581
2021-12-30,4778.7269
2021-12-31,4766.183
2022-01-03,4796.5612
2022-01-04,4793.5372
2022-01-05,4700.5784
2022-01-06,4696.0538
2022-01-07,4677.0277
2022-01-10,4670.2904
2022-01-11,4713.0673
2022-01-12,4726.3457
2022-01-13,4659.0255
2022-01-14,4662.8541
2022-01-18,4577.1084
2022-01-19,4532.7596
2022-01-20,4482.7276
2022-01-21,4397.9392
2022-01-24,4410.1274
2022-01-25,4356.4539
2022-01-26,4349.9286
2022-01-27,4326.5137
2022-01-28,4431.8491
2022-01-31,4515.5476
2022-02-01,4546.539
2022-02-02,4589.3766
2022-02-03,4477.442
2022-02-04,4500.5315
2022-02-07,4483.8653
2022-02-08,4521.5389
2022-02-09,4587.1789
2022-02-10,4504.0848
2022-02-11,4418.6365
2022-02-14,4401.667
2022-02-15,4471.0742
2022-02-16,4475.0111
2022-02-17,4380.2586
2022-02-18,4348.8692
2022-02-22,4304.7576
2022-02-23,4225.5049
2022-02-24,4288.696
2022-02-25,4384.6545
2022-02-28,4373.9391
2022-03-01,4306.2589
2022-03-02,4386.5441
2022-03-03,4363.4867
2022-03-04,4328.8729
2022-03-07,4201.0878
2022-03-08,4170.7041
2022-03-09,4277.8801
2022-03-10,4259.525
2022-03-11,4204.3119
2022-03-14,4173.1117
2022-03-15,4262.4456
2022-03-16,4357.8571
2022-03-17,4411.6676
2022-03-18,4463.1176
2022-03-21,4461.1801
2022-03-22,4511.6062
2022-03-23,4456.236
2022-03-24,4520.1615
2022-03-25,4543.0564
2022-03-28,4575.5163
2022-03-29,4631.6049
2022-03-30,4602.4486
2022-03-31,4530.4135
2022-04-01,4545.8555
2022-04-04,4582.6361
2022-04-05,4525.1221
2022-04-06,4481.1533
2022-04-07,4500.2094
2022-04-08,4488.2818
2022-04-11,4412.5288
2022-04-12,4397.4472
2022-04-13,4446.5918
2022-04-14,4392.5877
2022-04-18,4391.6904
2022-04-19,4462.2101
2022-04-20,4459.4503
2022-04-21,4393.6635
2022-04-22,4271.7756
2022-04-25,4296.1165
2022-04-26,4175.1973
2022-04-27,4183.9553
2022-04-28,4287.5011
2022-04-29,4131.9264
2022-05-02,4155.3776
2022-05-03,4175.4757
2022-05-04,4300.1738
2022-05-05,4146.8676
2022-05-06,4123.3357
2022-05-09,3991.2374
2022-05-10,4001.0547
2022-05-11,3935.1846
2022-05-12,3930.0819
2022-05-13,4023.8913
2022-05-16,4008.0105
2022-05-17,4088.8504
2022-05-18,3923.6798
2022-05-19,3900.7869
2022-05-20,3901.3606
2022-05-23,3973.7516
2022-05-24,3941.4769
2022-05-25,3978.7327
2022-05-26,4057.8408
2022-05-27,4158.2384
2022-05-31,4132.1478
2022-06-01,4101.2298
2022-06-02,4176.8179
2022-06-03,4108.5354
2022-06-06,4121.4294
2022-06-07,4160.6833
2022-06-08,4115.7725
2022-06-09,4017.8185
2022-06-10,3900.8645
2022-06-13,3749.6273
2022-06-14,3735.4831
2022-06-15,3789.9863
2022-06-16,3666.7675
2022-06-17,3674.8414
2022-06-21,3764.788
2022-06-22,3759.8931
2022-06-23,3795.7274
2022-06-24,3911.7439
2022-06-27,3900.1141
2022-06-28,3821.5459
2022-06-29,3818.8327
2022-06-30,3785.3848
2022-07-01,3825.3261
2022-07-05,3831.3904
2022-07-06,3845.0812
2022-07-07,3902.6225
2022-07-08,3899.3771
2022-07-11,3854.4333
2022-07-12,3818.7978
2022-07-13,3801.7806
2022-07-14,3790.3774
2022-07-15,3863.1628
2022-07-18,3830.8529
2022-07-19,3936.6895
2022-07-20,3959.8987
2022-07-21,3998.9514
2022-07-22,3961.6349
2022-07-25,3966.845
2022-07-26,3921.0496
2022-07-27,4023.6124
2022-07-28,4072.4343
2022-07-29,4130.2858
2022-08-01,4118.6296
2022-08-02,4091.1851
2022-08-03,4155.1727
2022-08-04,4151.9442
2022-08-05,4145.1891
2022-08-08,4140.0584
2022-08-09,4122.4659
2022-08-10,4210.2405
2022-08-11,4207.2744
2022-08-12,4280.1505
2022-08-15,4297.1435
2022-08-16,4305.1993
2022-08-17,4274.0387
2022-08-18,4283.7428
2022-08-19,4228.4785
2022-08-22,4137.9854
2022-08-23,4128.7286
2022-08-24,4140.7684
2022-08-25,4199.1196
2022-08-26,4057.6631
2022-08-29,4030.613
2022-08-30,3986.1619
2022-08-31,3954.999
